Office,Discipline,Path,,,,,
SSC,CVL,\\adgce.local\projects\SSC\17000\17815\CVL\RCRD CPY\250318_01,,,,,
SSC,CVL,\\adgce.local\projects\SSC\21000\21326 - Whitsunday Skyway\CVL\RCRD CPY\250227_01_CVL Base-Mid station Sketches,,,,,
SSC,CVL,\\adgce.local\projects\SSC\21000\21326 - Whitsunday Skyway\CVL\RCRD CPY\250314_01_base station earthworks and overall plan,,,,,
SSC,CVL,\\adgce.local\projects\SSC\21000\21326 - Whitsunday Skyway\CVL\RCRD CPY\250306_01_CVL base-mid station sketches,,,,,
SSC,CVL,\\adgce.local\projects\SSC\21000\21326 - Whitsunday Skyway\CVL\RCRD CPY\CRNT\SKETCHES,,,,,
SSC,CVL,\\adgce.local\projects\SSC\23000\23408\CVL\RCRD CPY\250307_01_FOR REVIEW,,,,,
SSC,CVL,\\adgce.local\projects\SSC\24000\24553\CVL\RCRD CPY\250317_FULL SET CURRENT REV COLLATED - NO CHANGES,,,,,
SSC,CVL,\\adgce.local\projects\SSC\24000\24553\CVL\RCRD CPY\CRNT,,,,,
SSC,CVL,\\adgce.local\projects\SSC\26000\26924\CVL\RCRD CPY\250312_01_Draft Stage One - WIP,,,,,
SSC,CVL,\\adgce.local\projects\SSC\26000\26924\CVL\RCRD CPY\250124_01_Early Works,,,,,
SSC,CVL,\\adgce.local\projects\SSC\26000\26924\CVL\RCRD CPY\CRNT\STAGE 01,,,,,
